demand,supply,time,traffic,weather,surge
87,16,evening,low,rainy,1.83
82,183,morning,high,snow,1.51
77,65,afternoon,high,clear,1.51
244,66,night,high,storm,2.56
33,50,night,medium,storm,1.63
202,36,morning,medium,clear,1.57
206,164,evening,low,snow,1.81
223,30,evening,high,storm,2.42
65,21,afternoon,medium,clear,1.67
81,107,evening,medium,storm,1.53
211,63,evening,high,clear,2.02
117,146,afternoon,low,snow,1.28
142,185,evening,low,rainy,1.36
191,112,evening,low,rainy,1.68
191,64,night,medium,snow,2.23
101,73,evening,high,snow,2.18
234,102,afternoon,low,snow,1.82
54,38,afternoon,high,rainy,1.76
246,162,morning,medium,snow,1.72
269,145,evening,high,clear,1.74
88,184,evening,high,storm,1.72
252,50,night,low,storm,2.29
121,139,morning,high,storm,1.67
289,165,afternoon,low,storm,1.65
30,163,evening,medium,clear,1.12
215,88,afternoon,low,rainy,1.78
70,31,night,low,rainy,1.93
273,150,afternoon,medium,snow,1.79
132,192,evening,medium,storm,1.59
294,125,morning,low,rainy,1.61
40,160,afternoon,high,rainy,1.3
60,68,morning,low,storm,1.21
151,81,night,low,rainy,1.74
272,72,night,medium,rainy,2.02
250,100,night,medium,snow,2.37
57,182,morning,low,snow,1.35
85,73,afternoon,low,snow,1.53
123,81,night,low,clear,1.49
80,22,morning,low,rainy,1.63
278,133,afternoon,medium,clear,1.53
31,109,evening,medium,storm,1.58
279,49,afternoon,medium,rainy,1.89
61,90,morning,low,snow,1.3
110,24,morning,low,clear,1.52
150,113,morning,high,rainy,1.72
50,168,morning,medium,storm,1.49
134,181,evening,low,storm,1.48
183,127,evening,low,clear,1.39
81,28,afternoon,high,storm,2.13
208,27,afternoon,medium,storm,1.93
184,166,morning,high,storm,1.99
83,44,evening,low,clear,1.45
109,79,evening,high,rainy,1.94
134,185,evening,high,snow,1.75
56,33,night,medium,clear,1.5
96,173,evening,low,snow,1.51
248,153,morning,low,clear,1.29
106,149,morning,medium,rainy,1.19
51,88,evening,low,storm,1.44
157,180,morning,medium,snow,1.49
109,70,afternoon,low,snow,1.5
200,115,afternoon,medium,rainy,1.56
85,107,morning,medium,rainy,1.14
265,99,evening,low,rainy,1.8
128,112,evening,medium,clear,1.59
172,99,night,high,storm,2.29
89,76,afternoon,high,storm,1.81
252,98,evening,medium,clear,1.78
127,75,morning,high,snow,1.8
130,103,night,low,storm,1.92
93,194,evening,high,storm,1.83
197,113,evening,high,rainy,1.84
224,183,afternoon,high,storm,1.88
30,87,evening,low,snow,1.56
194,129,night,medium,rainy,1.8
116,178,morning,medium,storm,1.32
150,182,evening,low,rainy,1.23
53,72,night,high,clear,1.49
129,193,night,medium,snow,1.65
32,37,night,low,rainy,1.46
295,128,morning,high,rainy,2.08
92,126,afternoon,medium,storm,1.49
256,166,night,high,snow,2.28
273,125,evening,low,storm,2.15
296,134,afternoon,medium,snow,1.92
176,70,evening,medium,storm,2.28
71,45,afternoon,low,snow,1.64
139,26,night,medium,storm,2.31
242,25,afternoon,medium,snow,2.08
40,157,night,medium,clear,1.39
182,109,night,high,rainy,2.0
169,121,night,low,snow,1.87
237,195,afternoon,medium,rainy,1.6
43,110,morning,low,snow,1.23
266,56,morning,medium,snow,1.97
262,93,evening,medium,storm,2.25
245,74,morning,medium,clear,1.65
56,99,afternoon,high,clear,1.26
50,17,afternoon,low,clear,1.52
152,42,night,high,clear,2.11
141,129,evening,medium,rainy,1.72
88,51,evening,low,clear,1.49
222,111,afternoon,low,rainy,1.32
184,185,morning,high,clear,1.17
249,179,evening,low,storm,1.7
245,135,morning,medium,storm,1.73
265,191,afternoon,medium,rainy,1.55
168,167,night,medium,snow,1.77
167,92,afternoon,low,storm,1.68
154,128,night,medium,clear,1.6
196,56,night,low,storm,2.26
204,81,evening,high,clear,2.0
127,31,afternoon,high,snow,2.2
153,186,night,high,snow,1.89
38,33,evening,low,snow,1.84
186,179,evening,medium,storm,1.89
199,100,night,medium,storm,1.95
91,194,afternoon,medium,clear,1.05
124,59,afternoon,high,snow,2.16
298,162,evening,low,rainy,1.56
214,55,evening,low,rainy,1.85
57,151,evening,high,rainy,1.63
281,36,morning,high,storm,2.19
255,97,afternoon,low,storm,1.99
274,39,morning,medium,snow,1.91
57,48,afternoon,high,storm,1.82
157,40,night,high,rainy,2.36
224,125,night,medium,snow,1.96
60,166,morning,low,rainy,1.05
71,50,afternoon,low,clear,1.13
239,125,night,medium,clear,1.55
174,189,night,low,rainy,1.48
131,118,morning,high,rainy,1.73
166,46,morning,low,rainy,1.76
177,122,morning,medium,storm,1.74
169,138,night,medium,clear,1.62
251,198,evening,high,storm,2.01
147,182,morning,high,storm,1.62
119,130,night,medium,rainy,1.6
253,172,night,low,snow,1.87
200,92,morning,low,storm,1.88
283,83,night,high,clear,2.09
191,74,evening,low,snow,2.17
30,178,night,medium,clear,1.24
215,169,night,high,snow,2.25
134,78,afternoon,medium,snow,1.78
278,41,morning,high,rainy,2.04
189,151,morning,high,snow,1.82
88,128,morning,high,rainy,1.4
179,140,evening,medium,snow,2.0
154,126,afternoon,medium,rainy,1.58
290,44,morning,medium,snow,1.97
289,78,morning,medium,storm,2.07
280,48,night,high,snow,2.47
223,126,evening,low,rainy,1.61
149,115,morning,medium,snow,1.74
225,108,afternoon,medium,clear,1.53
199,35,night,low,snow,2.1
103,114,afternoon,low,snow,1.36
165,96,night,high,clear,1.87
224,91,night,high,clear,2.12
150,171,evening,low,clear,1.09
80,172,morning,medium,rainy,1.24
44,21,evening,low,storm,1.77
250,47,afternoon,high,snow,2.21
122,53,afternoon,low,snow,1.92
153,137,afternoon,low,snow,1.63
265,75,morning,medium,storm,2.04
110,28,night,medium,storm,2.33
247,186,evening,medium,storm,1.84
226,133,morning,low,snow,1.61
181,189,evening,low,snow,1.45
55,165,night,medium,rainy,1.52
210,66,afternoon,high,storm,2.24
100,170,morning,high,clear,1.16
255,18,evening,high,rainy,2.12
181,93,night,low,rainy,1.63
217,145,evening,low,storm,1.88
276,85,evening,low,snow,2.19
102,67,night,high,storm,2.12
232,13,evening,high,clear,1.99
164,159,night,high,storm,2.12
149,130,morning,high,storm,1.98
143,175,morning,high,snow,1.68
184,176,night,low,rainy,1.61
49,87,night,low,clear,1.15
99,109,night,medium,snow,1.72
109,116,morning,medium,snow,1.49
173,18,evening,low,snow,2.09
150,102,morning,high,storm,1.91
213,25,night,medium,rainy,2.19
262,33,afternoon,high,clear,1.71
200,72,afternoon,high,rainy,1.91
136,160,afternoon,low,storm,1.35
31,80,afternoon,low,storm,1.36
86,179,morning,low,clear,1.0
151,160,evening,low,rainy,1.25
94,199,night,high,clear,1.55
273,124,evening,high,clear,1.99
143,167,morning,high,storm,1.59
45,25,night,medium,snow,2.04
281,192,night,low,clear,1.46
105,26,afternoon,medium,storm,1.98
180,126,night,low,clear,1.57
140,120,night,low,snow,1.87
262,112,night,high,clear,2.06
190,180,evening,medium,rainy,1.74
272,27,morning,low,clear,1.49
220,43,morning,high,storm,2.23
240,100,night,high,clear,2.19
189,100,morning,high,rainy,1.63
276,67,morning,medium,storm,1.92
172,156,afternoon,medium,clear,1.32
166,17,afternoon,medium,storm,2.08
209,11,afternoon,low,snow,1.81
45,33,afternoon,medium,snow,1.69
110,104,evening,high,storm,2.16
73,23,afternoon,low,clear,1.53
169,123,night,medium,snow,1.98
140,141,morning,medium,snow,1.32
279,144,evening,low,rainy,1.58
58,11,afternoon,medium,rainy,1.85
160,84,evening,low,clear,1.4
250,54,afternoon,medium,rainy,1.8
211,28,night,high,clear,2.09
265,29,evening,high,snow,2.41
243,84,morning,medium,clear,1.69
117,168,night,high,storm,1.82
84,72,night,high,snow,2.2
232,89,evening,low,storm,2.16
69,140,morning,high,rainy,1.48
208,99,afternoon,low,clear,1.43
131,54,afternoon,high,clear,1.74
282,128,night,high,storm,2.57
191,48,night,low,snow,2.19
185,80,morning,medium,clear,1.56
261,19,morning,medium,storm,1.92
76,167,night,medium,clear,1.29
126,92,night,high,rainy,2.09
260,36,evening,high,clear,2.0
118,20,afternoon,high,snow,2.3
298,143,afternoon,medium,storm,2.08
228,114,evening,high,clear,1.76
201,26,evening,low,snow,2.06
106,95,morning,high,rainy,1.78
188,177,night,low,clear,1.46
222,174,evening,low,clear,1.43
246,140,evening,low,storm,1.76
139,97,night,low,rainy,1.8
109,29,evening,low,clear,1.73
97,162,night,low,rainy,1.34
114,194,night,low,snow,1.57
151,123,evening,high,snow,2.05
152,89,night,low,storm,1.94
255,128,evening,medium,snow,1.99
132,164,afternoon,medium,clear,1.03
220,151,morning,high,clear,1.46
112,79,night,high,rainy,2.07
76,66,night,medium,clear,1.58
232,138,evening,low,snow,1.9
221,67,morning,medium,clear,1.67
201,47,afternoon,low,storm,1.98
271,188,afternoon,high,snow,1.89
32,30,morning,medium,rainy,1.57
300,118,morning,medium,rainy,1.76
54,71,night,high,snow,1.81
285,162,morning,high,rainy,1.74
179,119,morning,high,storm,1.85
243,57,morning,high,storm,2.11
299,149,morning,medium,snow,1.61
228,105,evening,high,clear,1.97
64,98,afternoon,high,clear,1.25
200,44,morning,medium,storm,2.06
119,185,night,high,snow,1.93
99,26,night,low,storm,2.14
132,20,evening,medium,snow,2.3
272,74,morning,high,rainy,1.96
54,177,evening,medium,clear,1.26
253,112,night,medium,storm,2.39
284,187,night,medium,storm,2.06
247,30,night,high,rainy,2.31
194,36,morning,medium,storm,1.96
248,52,night,medium,snow,2.21
210,167,night,medium,clear,1.52
237,103,afternoon,low,rainy,1.77
254,18,afternoon,low,rainy,1.76
217,102,night,high,clear,2.12
260,104,evening,medium,clear,1.81
217,111,evening,high,storm,2.05
88,16,afternoon,medium,snow,2.08
90,77,evening,high,snow,2.04
176,187,night,low,clear,1.13
67,125,afternoon,high,snow,1.7
193,180,evening,high,clear,1.71
178,86,afternoon,high,rainy,2.06
290,67,morning,low,rainy,1.65
282,16,evening,high,storm,2.39
96,166,morning,low,storm,1.28
275,144,night,medium,clear,1.53
192,174,morning,medium,snow,1.74
206,42,afternoon,low,snow,1.9
58,41,afternoon,medium,rainy,1.43
145,98,evening,low,storm,1.74
170,42,evening,high,clear,2.0
116,161,afternoon,low,storm,1.37
51,17,morning,low,storm,1.93
243,168,morning,medium,storm,1.73
184,133,afternoon,high,snow,1.86
67,186,morning,low,snow,1.28
267,62,evening,high,rainy,2.16
193,197,evening,medium,rainy,1.45
293,153,morning,medium,rainy,1.49
166,125,afternoon,low,clear,1.11
226,167,night,low,rainy,1.76
190,58,afternoon,medium,snow,2.0
187,137,morning,low,snow,1.6
153,65,evening,low,clear,1.66
270,83,morning,low,snow,1.83
165,196,evening,medium,storm,1.51
56,155,afternoon,medium,storm,1.31
288,125,evening,high,clear,1.93
79,110,evening,medium,storm,1.65
131,164,night,high,clear,1.41
100,192,evening,medium,snow,1.53
293,45,evening,high,storm,2.33
183,161,evening,high,snow,2.14
183,131,morning,medium,storm,1.73
243,159,evening,high,clear,1.72
165,177,afternoon,high,clear,1.22
117,144,night,low,rainy,1.31
86,58,morning,medium,storm,1.68
241,186,afternoon,medium,snow,1.77
61,190,afternoon,high,rainy,1.41
274,144,night,medium,rainy,1.79
205,149,evening,high,storm,2.12
128,73,evening,high,storm,2.04
182,83,afternoon,high,snow,2.16
208,153,evening,medium,clear,1.51
224,111,evening,low,storm,1.71
70,98,night,high,storm,1.95
139,61,evening,high,storm,2.33
152,72,morning,high,rainy,2.03
56,35,night,medium,snow,1.92
100,11,afternoon,medium,snow,2.0
132,83,evening,medium,clear,1.58
75,176,afternoon,high,clear,1.28
119,116,afternoon,low,snow,1.66
125,84,morning,low,storm,1.61
84,95,evening,medium,snow,1.68
98,139,night,medium,rainy,1.56
199,51,night,high,storm,2.54
37,198,evening,medium,rainy,1.34
237,119,evening,low,snow,1.83
124,45,night,medium,rainy,2.0
226,70,night,medium,storm,2.26
35,76,evening,high,rainy,1.51
90,129,evening,low,snow,1.54
189,186,morning,high,storm,1.87
143,66,afternoon,medium,rainy,1.79
221,116,night,high,rainy,2.05
71,144,night,high,storm,1.82
87,25,afternoon,high,rainy,1.93
296,123,morning,high,rainy,2.04
280,33,night,low,snow,2.13
242,126,morning,high,snow,1.93
187,195,morning,medium,storm,1.46
141,158,morning,low,snow,1.27
62,148,morning,low,snow,1.21
239,56,afternoon,high,snow,2.17
225,124,night,medium,clear,1.64
98,177,evening,low,rainy,1.4
231,145,afternoon,high,rainy,1.77
41,86,night,high,snow,1.91
147,73,night,medium,rainy,1.76
87,18,night,high,clear,2.05
64,35,morning,medium,clear,1.25
52,112,night,low,rainy,1.45
58,45,evening,low,storm,1.82
194,70,evening,low,rainy,1.88
170,25,afternoon,high,snow,2.21
54,98,night,high,storm,1.94
239,48,evening,medium,rainy,2.05
272,71,afternoon,medium,rainy,1.86
59,153,night,medium,rainy,1.48
160,62,evening,high,clear,2.08
219,33,afternoon,low,storm,1.88
50,28,afternoon,high,rainy,1.7
200,87,morning,low,rainy,1.79
90,132,afternoon,high,rainy,1.38
152,151,evening,medium,snow,1.59
213,88,evening,medium,snow,2.19
270,91,afternoon,medium,storm,1.98
143,199,afternoon,low,storm,1.31
243,85,afternoon,low,storm,1.85
155,137,evening,medium,snow,1.99
281,127,afternoon,high,storm,2.13
280,57,morning,high,clear,1.87
68,181,morning,low,snow,1.23
148,27,afternoon,low,rainy,1.7
221,25,night,high,snow,2.4
240,13,morning,high,storm,2.21
176,14,night,low,clear,1.88
298,48,afternoon,low,storm,1.96
166,111,morning,medium,snow,1.69
154,188,afternoon,medium,clear,1.03
46,33,night,medium,snow,2.01
58,173,morning,high,rainy,1.32
252,175,evening,high,clear,1.78
51,68,afternoon,high,snow,1.55
68,185,evening,high,clear,1.34
191,14,afternoon,high,rainy,2.05
233,29,evening,low,rainy,1.91
229,183,evening,medium,rainy,1.76
70,138,evening,low,clear,1.09
68,97,night,medium,clear,1.33
260,135,afternoon,medium,snow,1.69
224,31,evening,low,clear,1.62
108,107,afternoon,high,snow,1.56
84,33,morning,medium,snow,1.97
168,36,afternoon,low,rainy,1.69
292,114,morning,low,clear,1.47
77,162,evening,medium,clear,1.16
228,31,afternoon,high,rainy,2.04
116,45,evening,medium,storm,2.2
62,52,night,medium,snow,1.96
69,102,evening,low,snow,1.52
130,127,morning,low,storm,1.5
232,95,night,medium,snow,2.27
99,86,evening,high,rainy,1.9
120,111,evening,medium,snow,1.99
154,93,night,medium,snow,1.97
132,161,afternoon,high,clear,1.29
266,191,afternoon,medium,storm,1.77
65,114,night,low,storm,1.55
108,193,night,medium,clear,1.29
275,159,night,high,snow,2.21
214,189,morning,low,rainy,1.43
211,52,morning,high,snow,2.29
199,120,morning,low,clear,1.15
291,142,afternoon,medium,storm,1.98
286,48,evening,low,snow,2.02
242,31,morning,high,rainy,1.97
205,126,afternoon,high,snow,1.87
79,122,night,medium,clear,1.26
88,15,evening,high,clear,2.04
114,199,afternoon,high,rainy,1.41
199,153,night,medium,rainy,1.86
124,57,night,medium,clear,1.95
131,125,night,medium,clear,1.64
135,81,morning,high,clear,1.56
125,103,evening,low,snow,1.72
280,145,evening,high,snow,2.12
88,99,evening,medium,rainy,1.46
182,167,morning,high,rainy,1.66
152,88,morning,low,storm,1.64
291,109,night,high,rainy,2.31
246,57,night,high,rainy,2.31
280,83,afternoon,low,storm,1.97
57,101,morning,medium,rainy,1.14
226,153,night,medium,snow,1.98
257,135,afternoon,low,clear,1.26
142,84,morning,medium,rainy,1.51
116,127,night,high,clear,1.51
167,149,evening,high,clear,1.75
255,149,afternoon,medium,clear,1.35
156,86,morning,medium,storm,1.67
74,122,morning,low,rainy,1.16
209,191,night,low,rainy,1.76
135,25,evening,high,storm,2.42
116,92,evening,medium,storm,1.99
293,183,morning,low,snow,1.68
171,177,afternoon,high,rainy,1.35
194,73,night,medium,rainy,2.12
167,170,night,medium,snow,1.62
77,113,evening,high,storm,1.79
279,93,morning,high,clear,1.85
264,172,evening,low,snow,1.74
249,64,night,medium,storm,2.37
202,150,afternoon,high,snow,1.96
54,21,morning,high,snow,2.1
110,122,night,low,snow,1.54
97,176,evening,low,storm,1.42
214,74,morning,medium,rainy,1.71
186,195,afternoon,medium,clear,1.04
30,64,night,low,rainy,1.42
295,184,night,low,clear,1.54
91,118,afternoon,medium,clear,1.0
75,197,morning,low,storm,1.27
183,45,night,low,rainy,1.91
34,166,afternoon,medium,storm,1.44
107,115,night,low,clear,1.28
101,41,night,medium,snow,2.26
101,73,evening,high,clear,1.65
175,186,morning,high,storm,1.54
290,58,night,medium,clear,1.96
152,136,night,low,rainy,1.7
66,145,morning,medium,storm,1.33
245,103,afternoon,medium,clear,1.5
64,13,evening,low,clear,1.78
233,139,evening,high,snow,2.08
235,31,afternoon,medium,clear,1.56
291,62,afternoon,high,storm,2.18
63,89,night,high,rainy,1.61
74,121,morning,medium,clear,1.0
119,40,morning,high,rainy,2.04
113,137,evening,high,storm,1.73
94,78,morning,low,storm,1.66
169,144,morning,medium,clear,1.3
291,102,morning,medium,rainy,1.77
160,36,morning,low,clear,1.41
36,72,morning,medium,storm,1.38
106,55,morning,high,snow,1.84
157,116,evening,medium,clear,1.51
91,138,morning,low,rainy,1.16
53,112,morning,medium,storm,1.45
189,93,morning,high,snow,2.1
132,84,evening,high,rainy,1.89
282,60,afternoon,low,clear,1.59
42,69,evening,high,clear,1.49
30,178,night,high,storm,1.82
151,117,night,low,rainy,1.74
77,21,afternoon,high,snow,2.24
220,127,morning,high,clear,1.5
231,29,morning,medium,rainy,1.75
163,90,night,high,storm,2.16
169,69,morning,low,rainy,1.76
85,49,morning,low,snow,1.59
238,40,evening,low,snow,2.06
165,40,morning,low,storm,1.97
50,65,evening,low,clear,1.14
212,111,morning,high,storm,1.85
119,17,night,medium,rainy,2.02
82,45,morning,low,clear,1.27
143,43,afternoon,medium,storm,2.04
73,159,evening,low,clear,1.2
131,175,night,low,clear,1.28
199,41,morning,medium,clear,1.53
251,195,night,medium,clear,1.58
248,54,evening,low,rainy,1.85
258,48,morning,high,rainy,2.03
285,115,night,low,clear,1.76
100,117,afternoon,high,rainy,1.43
39,107,evening,medium,snow,1.57
287,92,night,medium,rainy,2.01
142,17,evening,low,snow,2.11
149,50,morning,low,rainy,1.65
58,66,night,medium,rainy,1.44
192,198,evening,high,clear,1.44
210,155,afternoon,high,rainy,1.77
282,148,evening,low,snow,1.71
58,69,afternoon,low,snow,1.2
133,43,evening,high,rainy,2.28
195,25,morning,low,rainy,1.75
299,103,morning,medium,snow,2.02
202,87,evening,low,rainy,1.95
253,173,night,high,storm,2.13
212,67,afternoon,medium,storm,2.05
180,42,afternoon,high,clear,1.89
230,155,morning,low,storm,1.68
143,173,morning,medium,rainy,1.17
69,70,evening,medium,rainy,1.43
75,191,evening,medium,clear,1.15
157,187,morning,medium,storm,1.46
30,22,night,medium,snow,2.09
241,136,night,medium,snow,1.92
275,157,afternoon,low,snow,1.51
47,85,morning,medium,storm,1.49
67,97,afternoon,medium,rainy,1.25
77,96,night,high,clear,1.49
114,165,night,low,clear,1.12
135,58,night,high,storm,2.53
182,70,morning,low,snow,1.91
281,49,morning,medium,clear,1.59
180,179,night,low,clear,1.11
117,173,evening,low,snow,1.57
187,111,night,medium,storm,1.92
228,57,evening,medium,storm,2.14
52,77,night,medium,storm,1.65
167,154,morning,low,clear,1.12
206,148,night,high,rainy,2.01
228,143,night,high,snow,2.21
150,131,evening,low,snow,1.88
47,138,afternoon,low,snow,1.23
115,64,afternoon,low,clear,1.18
252,61,afternoon,high,storm,2.16
64,32,night,high,snow,2.21
171,143,night,low,snow,1.82
106,47,morning,low,clear,1.56
206,115,evening,medium,snow,1.91
272,19,afternoon,medium,snow,1.93
235,19,night,medium,rainy,2.01
273,78,evening,low,storm,2.16
185,89,evening,medium,clear,1.89
146,44,evening,high,snow,2.45
194,78,night,high,clear,2.04
138,114,night,high,storm,2.26
293,50,morning,medium,snow,1.93
298,155,morning,low,rainy,1.48
132,24,afternoon,low,snow,1.81
214,190,afternoon,medium,storm,1.76
288,111,morning,high,clear,1.75
280,162,night,low,snow,1.92
209,98,afternoon,medium,clear,1.56
227,22,afternoon,high,rainy,2.07
145,183,afternoon,medium,snow,1.4
34,131,afternoon,high,rainy,1.42
34,67,evening,high,storm,1.84
170,118,night,medium,snow,1.95
268,87,night,high,clear,2.0
221,153,evening,medium,clear,1.5
202,80,evening,medium,storm,2.23
182,58,afternoon,high,rainy,2.08
236,179,evening,high,rainy,1.94
284,85,evening,medium,snow,2.18
48,159,afternoon,medium,rainy,1.24
273,181,evening,high,storm,2.17
122,85,morning,medium,rainy,1.55
123,184,evening,high,clear,1.34
144,200,evening,medium,storm,1.57
180,128,morning,medium,clear,1.37
66,130,afternoon,high,clear,1.27
225,145,evening,medium,clear,1.57
107,45,afternoon,medium,snow,2.1
264,46,evening,high,rainy,2.26
279,95,afternoon,medium,clear,1.5
170,63,afternoon,high,rainy,2.0
75,43,night,high,snow,2.18
274,108,morning,low,rainy,1.75
37,92,afternoon,low,clear,1.0
157,67,evening,medium,rainy,1.92
287,160,evening,low,clear,1.46
182,84,night,high,storm,2.49
98,97,night,medium,rainy,1.43
236,14,afternoon,low,rainy,1.64
41,160,afternoon,low,storm,1.34
49,106,evening,high,clear,1.42
54,179,morning,high,clear,1.11
89,116,night,medium,clear,1.31
272,189,afternoon,low,clear,1.16
81,179,evening,high,rainy,1.58
83,140,morning,medium,clear,1.06
284,60,afternoon,medium,rainy,1.77
239,85,afternoon,low,snow,1.98
276,94,afternoon,low,clear,1.53
86,156,night,low,clear,1.26
68,195,morning,medium,rainy,1.19
181,77,night,low,clear,1.86
50,84,evening,high,storm,1.79
89,34,morning,low,rainy,1.73
117,94,evening,medium,storm,1.98
77,105,evening,low,clear,1.08
263,79,night,high,snow,2.56
115,38,afternoon,high,clear,1.9
111,36,night,high,snow,2.56
254,56,night,medium,clear,1.97
96,133,night,low,snow,1.59
62,76,evening,low,rainy,1.4
203,142,morning,medium,rainy,1.5
227,48,morning,low,rainy,1.7
270,136,afternoon,low,snow,1.56
199,81,morning,high,rainy,2.01
223,113,afternoon,low,snow,1.59
259,32,night,medium,storm,2.22
284,200,morning,low,snow,1.58
30,33,evening,high,rainy,1.63
263,97,evening,low,rainy,1.97
199,153,night,high,storm,2.24
88,34,afternoon,low,storm,1.87
179,150,evening,high,clear,1.61
114,136,afternoon,high,snow,1.52
130,58,morning,medium,rainy,1.79
127,193,evening,low,snow,1.41
93,125,night,high,rainy,1.79
32,145,morning,high,snow,1.67
277,140,afternoon,high,rainy,1.75
95,36,night,high,storm,2.5
226,117,afternoon,medium,snow,1.79
180,125,afternoon,low,snow,1.62
292,86,evening,high,rainy,2.14
178,185,evening,high,rainy,1.7
121,138,evening,high,clear,1.45
275,159,night,high,storm,2.28
246,13,morning,low,snow,1.83
58,61,evening,low,storm,1.54
104,25,evening,low,clear,1.67
261,36,afternoon,high,snow,2.15
177,187,morning,medium,snow,1.38
190,151,morning,low,storm,1.54
256,67,evening,high,rainy,2.26
129,85,night,low,clear,1.44
118,198,morning,medium,clear,1.0
165,43,afternoon,high,storm,2.1
268,191,afternoon,low,rainy,1.49
56,170,evening,medium,storm,1.51
192,144,afternoon,low,clear,1.26
111,116,night,low,storm,1.54
139,179,evening,medium,storm,1.56
273,153,morning,low,storm,1.59
154,20,evening,medium,clear,1.78
174,16,evening,high,snow,2.4
181,176,afternoon,medium,clear,1.39
115,147,morning,high,clear,1.14
139,185,night,low,rainy,1.41
252,175,morning,high,rainy,1.6
199,19,morning,low,clear,1.44
158,152,morning,high,rainy,1.78
238,109,night,high,snow,2.49
38,109,morning,high,clear,1.23
62,200,morning,high,clear,1.17
287,37,evening,high,storm,2.42
174,122,night,medium,clear,1.59
142,44,night,high,storm,2.59
103,86,evening,low,rainy,1.52
32,156,night,high,clear,1.46
206,64,night,high,rainy,2.23
143,167,evening,low,clear,1.04
57,150,night,high,clear,1.46
64,74,morning,low,snow,1.39
212,42,afternoon,low,storm,1.92
129,91,night,medium,storm,2.02
186,187,afternoon,high,storm,1.66
249,53,morning,medium,rainy,1.86
253,80,evening,low,storm,2.18
266,124,evening,medium,snow,2.21
119,175,morning,medium,rainy,1.28
130,77,morning,high,clear,1.58
289,171,morning,high,snow,1.95
138,19,evening,high,snow,2.43
106,103,night,low,storm,1.83
286,140,morning,medium,storm,2.0
152,167,afternoon,high,rainy,1.39
121,154,afternoon,high,snow,1.69
50,66,night,low,clear,1.15
149,20,afternoon,high,storm,2.18
262,21,morning,high,storm,2.12
296,172,evening,high,storm,2.12
119,106,night,medium,clear,1.6
222,67,night,medium,storm,2.3
276,164,morning,high,rainy,1.69
147,29,evening,low,rainy,1.84
215,164,morning,high,rainy,1.68
199,194,morning,medium,snow,1.7
112,175,night,low,rainy,1.31
112,44,morning,high,rainy,1.91
162,56,night,high,clear,2.18
175,31,afternoon,medium,snow,2.07
117,66,night,high,rainy,2.06
123,169,evening,low,storm,1.58
65,68,night,medium,rainy,1.42
133,143,night,low,clear,1.14
49,146,morning,low,snow,1.33
30,183,night,high,snow,1.87
52,188,night,low,snow,1.66
225,99,morning,medium,rainy,1.75
149,31,evening,high,snow,2.35
32,191,morning,high,clear,1.2
222,177,afternoon,high,storm,1.88
84,49,night,high,storm,2.15
246,154,evening,high,storm,2.2
233,62,night,high,snow,2.44
277,74,evening,high,storm,2.45
233,198,afternoon,high,clear,1.55
258,189,afternoon,low,rainy,1.4
203,150,morning,low,snow,1.69
32,33,afternoon,medium,snow,1.32
164,66,evening,low,clear,1.74
235,167,evening,high,clear,1.79
119,173,night,medium,clear,1.24
295,83,afternoon,low,rainy,1.72
48,102,afternoon,high,clear,1.3
74,80,night,medium,snow,1.68
132,142,morning,high,clear,1.28
175,195,evening,medium,storm,1.55
129,126,night,high,clear,1.75
238,139,morning,high,clear,1.5
204,39,evening,high,storm,2.44
223,154,night,low,storm,1.99
264,184,night,high,clear,1.8
162,27,night,high,rainy,2.34
147,90,night,medium,clear,1.64
164,73,evening,low,snow,2.13
205,29,afternoon,medium,storm,1.97
167,56,afternoon,medium,rainy,1.75
153,77,afternoon,low,rainy,1.47
212,49,morning,low,clear,1.54
282,167,morning,high,clear,1.57
220,168,evening,medium,storm,1.9
291,81,night,low,rainy,1.91
246,132,morning,high,storm,1.88
119,127,morning,high,snow,1.56
34,13,afternoon,medium,clear,1.57
162,57,evening,low,storm,2.09
205,103,afternoon,medium,snow,1.64
220,103,night,medium,snow,2.24
97,157,afternoon,low,storm,1.36
251,107,afternoon,low,rainy,1.69
34,55,night,medium,rainy,1.6
294,146,evening,medium,storm,1.85
54,111,morning,high,rainy,1.31
160,131,morning,medium,storm,1.65
214,153,evening,medium,clear,1.48
209,183,afternoon,high,rainy,1.8
175,100,evening,high,snow,2.15
258,30,night,high,storm,2.49
104,52,evening,medium,snow,1.97
66,30,afternoon,medium,rainy,1.76
179,191,evening,high,snow,1.75
257,102,night,medium,rainy,2.04
41,42,afternoon,high,storm,1.69
70,63,afternoon,medium,clear,1.22
272,150,morning,low,snow,1.6
72,36,evening,high,rainy,1.82
229,89,afternoon,low,storm,1.89
94,43,afternoon,low,clear,1.53
196,131,night,high,storm,2.21
99,188,afternoon,high,snow,1.63
252,144,evening,medium,snow,1.91
75,123,evening,medium,snow,1.55
185,12,morning,high,rainy,1.97
270,146,morning,high,snow,1.99
274,86,morning,medium,storm,2.02
33,150,evening,low,snow,1.58
253,111,afternoon,low,snow,1.97
142,77,morning,medium,rainy,1.5
169,82,evening,medium,rainy,2.07
123,44,evening,low,snow,2.12
169,189,night,low,storm,1.5
55,146,morning,low,clear,1.0
94,193,night,high,clear,1.45
107,13,night,low,storm,2.18
285,105,night,high,clear,2.07
104,24,evening,medium,clear,1.81
122,59,evening,medium,clear,1.72
157,108,night,low,clear,1.44
78,143,afternoon,medium,snow,1.44
189,92,afternoon,high,clear,1.85
296,41,evening,medium,storm,2.14
56,180,afternoon,low,rainy,1.13
196,13,afternoon,medium,clear,1.58
154,12,morning,high,snow,2.24
109,105,morning,low,rainy,1.4
203,170,morning,low,storm,1.63
84,42,night,low,storm,2.0
207,122,afternoon,low,snow,1.57
98,74,morning,medium,snow,1.71
280,58,afternoon,high,storm,2.16
269,80,afternoon,low,rainy,1.69
164,148,evening,medium,clear,1.56
289,107,afternoon,low,storm,1.96
152,92,morning,high,snow,1.84
284,151,afternoon,high,storm,1.86
194,38,morning,high,clear,1.71
96,55,morning,low,clear,1.2
80,18,night,high,snow,2.51
161,22,evening,low,clear,1.6
136,177,night,low,snow,1.66
61,102,night,medium,clear,1.36
166,145,morning,high,clear,1.57
69,65,morning,low,rainy,1.41
127,59,afternoon,high,rainy,2.01
242,37,evening,high,snow,2.44
248,36,afternoon,low,snow,1.9
110,146,night,medium,storm,1.71
196,105,night,high,snow,2.27
195,165,afternoon,high,rainy,1.68
160,102,night,medium,snow,1.9
47,82,morning,high,rainy,1.5
184,11,evening,low,rainy,1.97
41,186,evening,high,rainy,1.52
265,101,afternoon,low,storm,1.87
157,69,evening,medium,clear,1.81
141,197,morning,high,storm,1.66
118,134,morning,high,storm,1.51
225,30,morning,medium,storm,2.08
252,116,morning,low,clear,1.53
225,23,evening,high,clear,1.96
106,93,afternoon,low,clear,1.23
231,124,morning,low,snow,1.56
231,47,afternoon,medium,clear,1.6
55,150,night,medium,clear,1.28
252,188,afternoon,low,snow,1.61
279,111,afternoon,high,rainy,1.95
166,120,evening,high,clear,1.62
241,118,evening,medium,rainy,1.96
42,88,afternoon,medium,snow,1.42
255,21,afternoon,low,storm,1.83
73,38,morning,low,rainy,1.47
177,13,evening,high,clear,1.96
271,15,evening,low,rainy,1.84
297,76,night,high,rainy,2.34
39,106,morning,medium,rainy,1.11
132,188,evening,low,snow,1.53
34,27,night,high,storm,2.23
214,37,morning,medium,snow,1.95
224,140,morning,medium,snow,1.77
75,57,afternoon,high,snow,1.91
41,20,afternoon,high,storm,1.87
231,200,afternoon,low,storm,1.64
211,170,evening,low,storm,1.86
161,109,morning,high,storm,1.85
204,110,afternoon,low,snow,1.6
146,116,afternoon,high,rainy,1.69
189,164,evening,medium,rainy,1.64
100,158,afternoon,low,storm,1.34
298,44,night,low,rainy,1.96
90,57,evening,low,clear,1.45
241,115,evening,medium,storm,2.13
126,37,afternoon,low,clear,1.55
166,165,afternoon,high,rainy,1.35
43,101,morning,high,snow,1.53
270,192,evening,low,snow,1.8
100,51,afternoon,low,clear,1.18
37,79,night,low,rainy,1.45
63,55,night,high,snow,2.24
264,73,night,medium,clear,1.92
224,194,evening,medium,clear,1.5
261,126,morning,low,snow,2.0
50,152,night,high,clear,1.44
255,111,evening,medium,snow,2.13
180,166,morning,high,rainy,1.69
261,33,morning,low,rainy,1.68
195,125,morning,low,snow,1.62
133,126,morning,medium,storm,1.74
113,193,morning,low,clear,1.0
215,31,night,high,rainy,2.28
224,21,afternoon,medium,rainy,1.73
104,55,morning,medium,storm,1.66
258,83,afternoon,low,rainy,1.79
31,169,evening,low,snow,1.5
285,149,morning,high,snow,1.85
273,126,night,medium,clear,1.92
33,72,evening,high,rainy,1.51
105,24,evening,low,rainy,1.97
182,94,morning,low,clear,1.18
121,51,evening,high,rainy,2.29
214,19,morning,medium,storm,1.97
224,27,night,high,clear,2.06
98,41,evening,medium,snow,2.2
137,166,morning,low,clear,1.0
177,119,evening,medium,storm,1.99
284,143,night,medium,rainy,1.88
149,191,evening,low,clear,1.02
268,170,morning,high,rainy,1.76
242,115,morning,medium,storm,2.01
138,12,afternoon,high,storm,2.15
64,88,evening,high,storm,1.85
88,185,evening,medium,snow,1.64
44,54,afternoon,medium,storm,1.48
275,131,morning,high,rainy,2.0
265,147,evening,medium,snow,1.99
58,143,evening,high,storm,1.81
39,63,evening,medium,clear,1.29
173,17,evening,medium,rainy,2.01
229,57,morning,medium,storm,2.04
169,115,morning,medium,rainy,1.47
184,65,evening,low,clear,1.67
49,61,morning,medium,clear,1.06
286,49,afternoon,medium,snow,2.05
298,89,evening,low,clear,1.76
294,183,afternoon,low,clear,1.19
297,39,morning,medium,clear,1.64
74,95,night,low,clear,1.2
189,15,evening,high,rainy,2.16
128,83,evening,high,storm,2.15
90,79,afternoon,low,storm,1.52
293,36,afternoon,high,storm,2.21
168,46,evening,high,rainy,2.13
189,166,evening,high,snow,2.01
44,130,morning,low,snow,1.21
248,110,afternoon,high,snow,2.22
189,95,afternoon,high,clear,1.59
268,155,afternoon,low,snow,1.52
188,185,night,medium,rainy,1.89
103,167,evening,medium,snow,1.54
199,93,night,medium,clear,1.81
87,99,night,medium,rainy,1.46
208,164,afternoon,high,clear,1.48
84,93,morning,medium,snow,1.38
241,71,afternoon,high,rainy,2.09
226,26,evening,low,snow,2.16
252,155,evening,high,rainy,1.83
69,199,night,low,snow,1.57
79,123,afternoon,medium,snow,1.31
85,185,night,medium,snow,1.73
61,33,afternoon,low,clear,1.25
106,125,evening,medium,snow,1.54
192,86,evening,medium,storm,2.3
34,166,night,low,storm,1.51
57,10,evening,low,storm,2.17
150,120,night,high,storm,2.24
237,107,night,high,rainy,2.33
273,45,afternoon,high,snow,2.27
214,116,afternoon,medium,rainy,1.43
66,175,morning,low,snow,1.33
99,31,afternoon,high,snow,2.27
247,169,afternoon,medium,snow,1.71
260,108,evening,low,rainy,1.88
33,157,night,high,rainy,1.74
167,115,evening,low,clear,1.41
218,38,night,high,clear,2.03
299,81,night,high,clear,2.1
75,72,night,high,clear,1.84
189,166,morning,medium,clear,1.29
292,130,evening,medium,storm,2.29
180,84,afternoon,low,storm,1.95
163,25,night,high,rainy,2.31
179,198,morning,medium,snow,1.32
288,29,evening,medium,rainy,2.02
170,75,morning,high,clear,1.82
107,178,night,medium,rainy,1.45
150,134,afternoon,high,clear,1.47
73,47,afternoon,medium,snow,1.75
151,179,night,high,rainy,1.64
206,23,evening,low,clear,1.63
234,131,evening,medium,rainy,1.68
229,131,evening,low,snow,1.7
259,107,evening,high,clear,1.92
211,120,evening,medium,storm,1.85
80,75,night,medium,rainy,1.85
129,143,evening,high,rainy,1.56
35,182,morning,low,clear,1.0
298,36,night,medium,rainy,2.15
158,59,morning,low,clear,1.41
141,163,morning,high,clear,1.12
96,106,afternoon,low,rainy,1.05
269,179,morning,high,snow,1.98
171,119,evening,medium,rainy,1.76
171,25,night,medium,storm,2.4
162,77,afternoon,medium,clear,1.6
132,166,night,low,snow,1.52
250,65,morning,medium,storm,1.92
67,28,evening,medium,clear,1.88
106,177,morning,low,snow,1.25
198,110,morning,high,snow,1.9
236,196,morning,high,rainy,1.6
276,41,evening,medium,storm,2.18
76,103,evening,low,snow,1.55
178,175,afternoon,low,clear,1.29
127,86,night,low,storm,1.9
254,198,afternoon,low,clear,1.14
152,135,night,low,storm,1.9
260,14,morning,medium,clear,1.57
51,113,morning,low,snow,1.39
106,199,afternoon,low,clear,1.0
280,177,morning,medium,clear,1.25
96,13,afternoon,high,clear,1.88
79,126,afternoon,high,clear,1.26
84,39,night,high,rainy,2.21
133,119,evening,high,snow,2.06
100,92,afternoon,low,rainy,1.37
91,80,afternoon,medium,rainy,1.54
114,122,afternoon,high,clear,1.13
222,50,morning,medium,clear,1.5
121,32,evening,medium,snow,2.24
135,46,evening,high,snow,2.38
119,166,morning,high,rainy,1.44
75,170,evening,medium,snow,1.5
150,59,morning,high,clear,1.82
289,66,night,high,rainy,2.26
129,38,afternoon,high,snow,2.2
111,181,morning,low,storm,1.26
252,74,evening,high,snow,2.31
56,147,afternoon,low,clear,1.0
89,28,afternoon,high,snow,2.22
196,117,afternoon,high,storm,1.85
86,93,afternoon,low,rainy,1.15
132,106,afternoon,low,snow,1.62
57,121,afternoon,low,snow,1.24
221,44,night,high,rainy,2.33
168,61,evening,low,clear,1.74
60,81,afternoon,low,snow,1.29
117,97,afternoon,medium,rainy,1.56
117,157,afternoon,low,snow,1.37
280,65,night,medium,storm,2.2
249,198,afternoon,low,storm,1.59
143,161,afternoon,high,clear,1.18
52,20,night,high,clear,2.09
231,132,morning,medium,snow,1.65
36,187,night,low,rainy,1.37
152,175,morning,low,snow,1.33
112,190,night,high,clear,1.6
267,45,night,low,storm,2.23
30,170,morning,medium,storm,1.41
181,119,evening,high,rainy,1.96
71,168,evening,high,clear,1.4
216,23,morning,medium,storm,1.99
50,103,evening,low,clear,1.11
134,45,evening,low,clear,1.73
137,200,afternoon,medium,storm,1.48
287,184,night,medium,clear,1.51
206,125,night,high,clear,1.79
179,125,evening,high,clear,1.64
264,32,morning,medium,rainy,1.76
69,37,afternoon,medium,clear,1.34
284,48,afternoon,high,clear,1.76
97,131,evening,medium,snow,1.65
40,84,afternoon,low,clear,1.0
148,143,evening,medium,storm,1.93
197,134,night,medium,storm,2.01
186,53,evening,low,snow,2.07
177,22,afternoon,medium,storm,1.99
115,168,afternoon,high,storm,1.54
119,191,afternoon,low,rainy,1.02
192,157,afternoon,medium,storm,1.67
135,153,morning,high,storm,1.7
105,105,night,high,rainy,1.71
92,16,night,medium,rainy,2.19
193,49,morning,high,storm,2.23
181,131,evening,high,rainy,1.96
256,96,morning,high,snow,2.28
101,183,morning,medium,clear,1.0
142,124,evening,low,storm,1.71
129,159,afternoon,medium,rainy,1.1
258,183,morning,high,snow,1.84
192,164,morning,high,storm,1.88
248,104,night,medium,clear,1.86
209,88,night,high,clear,2.04
257,199,night,medium,storm,1.93
247,196,night,low,clear,1.43
185,131,evening,low,snow,1.72
239,173,evening,medium,rainy,1.71
100,61,afternoon,medium,storm,1.71
51,87,evening,medium,snow,1.54
31,49,evening,medium,snow,1.52
177,116,afternoon,medium,rainy,1.41
171,136,morning,high,storm,1.92
253,76,night,high,clear,2.07
38,76,afternoon,high,clear,1.13
266,187,afternoon,medium,rainy,1.41
214,117,evening,low,storm,1.76
69,141,afternoon,high,rainy,1.45
115,149,evening,medium,storm,1.55
215,34,evening,low,clear,1.63
174,105,night,medium,storm,2.08
113,36,afternoon,low,rainy,1.77
299,146,morning,medium,snow,2.08
89,43,morning,medium,storm,1.96
215,45,night,high,storm,2.43
185,17,morning,low,rainy,1.77
102,186,afternoon,medium,rainy,1.14
70,118,morning,low,clear,1.0
250,20,afternoon,low,clear,1.56
292,161,morning,medium,clear,1.38
52,26,evening,high,clear,1.75
93,164,afternoon,high,rainy,1.34
209,17,morning,low,storm,1.99
208,100,afternoon,high,rainy,2.0
64,35,morning,high,rainy,1.74
174,53,morning,high,clear,1.88
288,191,night,medium,rainy,1.79
84,56,evening,medium,snow,1.84
146,114,morning,medium,clear,1.29
296,44,night,medium,storm,2.31
50,31,evening,medium,clear,1.48
263,163,evening,high,snow,2.05
238,84,night,low,clear,1.88
273,183,evening,low,clear,1.5
281,182,morning,medium,snow,1.7
73,40,afternoon,medium,snow,1.74
82,199,afternoon,low,storm,1.4
203,61,night,low,rainy,2.07
285,81,evening,high,snow,2.37
237,134,evening,low,snow,1.72
158,135,night,low,rainy,1.61
57,27,night,high,clear,2.19
225,164,evening,low,storm,1.82
79,29,night,medium,rainy,2.06
284,135,evening,high,storm,2.46
39,18,night,low,snow,2.19
222,123,night,low,clear,1.44
185,190,afternoon,medium,snow,1.33
229,134,morning,high,snow,1.93
270,131,afternoon,high,clear,1.78
283,161,night,high,storm,2.25
175,92,morning,low,clear,1.13
217,99,morning,high,storm,2.18
249,98,evening,medium,storm,2.11
155,73,afternoon,high,storm,2.22
63,88,morning,medium,rainy,1.1
196,19,night,high,snow,2.51
245,78,morning,high,snow,2.22
192,106,night,medium,clear,1.66
81,186,afternoon,medium,snow,1.4
203,52,evening,medium,snow,2.14
68,147,afternoon,medium,storm,1.31
235,67,morning,high,clear,1.82
169,27,night,medium,rainy,2.07
69,176,evening,high,storm,1.79
190,61,night,medium,storm,2.32
262,181,afternoon,low,rainy,1.42
139,179,night,medium,snow,1.79
60,143,afternoon,medium,snow,1.33
107,185,evening,medium,snow,1.56
62,172,afternoon,medium,storm,1.46
112,75,afternoon,medium,rainy,1.42
128,17,afternoon,medium,snow,2.0
253,118,morning,low,rainy,1.65
44,76,evening,high,rainy,1.63
51,194,night,low,clear,1.27
72,90,evening,low,snow,1.58
76,111,afternoon,low,clear,1.0
286,40,evening,medium,clear,1.75
92,90,evening,high,snow,2.16
150,118,afternoon,low,clear,1.14
170,122,night,medium,clear,1.6
221,189,morning,medium,snow,1.69
156,81,afternoon,medium,snow,1.74
187,15,morning,high,clear,1.84
152,74,night,medium,storm,2.38
92,146,afternoon,medium,snow,1.3
231,75,evening,low,rainy,1.86
112,122,evening,high,snow,1.86
170,30,night,medium,snow,2.39
200,193,night,low,rainy,1.74
289,26,evening,medium,storm,2.19
44,23,afternoon,high,snow,1.96
99,10,night,low,storm,2.16
72,38,afternoon,low,rainy,1.47
240,91,night,medium,rainy,2.05
197,82,afternoon,low,snow,1.87
231,106,afternoon,low,clear,1.58
147,32,night,low,storm,2.24
116,22,night,high,snow,2.52
106,32,evening,low,clear,1.6
299,121,night,high,snow,2.42
134,58,evening,medium,snow,2.18
250,62,afternoon,medium,rainy,1.78
239,47,morning,medium,storm,1.95
260,73,evening,high,snow,2.32
270,44,evening,high,snow,2.44
226,191,night,high,storm,2.11
60,23,evening,low,snow,2.18
53,11,evening,high,snow,2.36
232,181,evening,low,clear,1.42
163,53,night,medium,snow,2.23
192,191,night,low,storm,1.52
52,42,night,medium,storm,2.09
174,77,evening,high,storm,2.39
114,90,night,low,snow,1.81
106,23,afternoon,low,clear,1.49
113,190,night,medium,clear,1.4
283,20,night,medium,snow,2.29
87,194,afternoon,low,storm,1.22
175,56,afternoon,high,storm,2.21
138,159,morning,high,rainy,1.38
69,73,night,high,clear,1.58
43,82,morning,medium,storm,1.42
84,92,afternoon,low,clear,1.0
275,126,evening,high,clear,1.97
52,177,night,medium,rainy,1.44
54,174,evening,medium,clear,1.25
225,33,night,medium,rainy,2.05
234,32,morning,low,rainy,1.68
236,82,afternoon,low,storm,1.9
251,198,evening,high,rainy,1.87
79,104,afternoon,medium,snow,1.48
273,78,night,low,snow,2.26
125,121,night,low,clear,1.5
267,183,afternoon,high,rainy,1.79
299,171,morning,medium,snow,1.69
274,86,afternoon,low,storm,1.97
297,119,evening,high,clear,2.01
53,141,morning,high,snow,1.58
267,179,evening,medium,storm,1.92
287,14,morning,high,snow,2.14
123,110,morning,low,snow,1.68
182,90,night,high,snow,2.22
165,97,afternoon,low,rainy,1.32
162,182,morning,medium,clear,1.0
89,13,afternoon,high,snow,2.19
237,178,night,medium,storm,2.04
232,87,morning,low,rainy,1.6
87,14,afternoon,low,rainy,1.7
104,176,afternoon,medium,rainy,1.12
267,47,night,medium,clear,1.82
108,199,night,medium,snow,1.6
260,159,afternoon,low,storm,1.61
230,23,evening,low,clear,1.73
251,116,night,high,storm,2.41
234,134,night,low,clear,1.51
246,157,evening,high,clear,1.65
243,131,morning,medium,storm,1.69
253,15,afternoon,medium,rainy,1.79
254,69,afternoon,high,storm,2.28
269,43,evening,high,snow,2.49
214,130,afternoon,high,rainy,1.66
74,180,night,low,rainy,1.34
281,35,night,medium,storm,2.25
54,14,evening,medium,storm,2.24
119,138,morning,low,storm,1.29
146,40,afternoon,medium,storm,2.1
211,21,evening,low,clear,1.74
254,127,morning,low,clear,1.26
51,139,morning,low,clear,1.0
215,50,evening,high,snow,2.45
285,197,morning,low,storm,1.57
100,41,afternoon,medium,snow,2.05
33,72,night,medium,storm,1.7
73,78,evening,high,snow,1.77
155,48,night,low,rainy,2.06
241,114,night,high,storm,2.59
256,47,morning,high,clear,1.72
191,112,afternoon,medium,clear,1.28
48,179,afternoon,high,clear,1.3
296,85,night,medium,storm,2.34
190,98,morning,medium,rainy,1.54
258,174,afternoon,high,snow,1.94
237,60,evening,low,clear,1.71
229,195,afternoon,high,storm,1.84
291,151,evening,high,storm,2.15
111,15,morning,high,storm,2.15
185,195,night,high,clear,1.55
220,76,evening,low,clear,1.75
93,124,evening,high,clear,1.39
150,200,afternoon,medium,storm,1.36
101,192,night,high,rainy,1.62
294,159,afternoon,medium,snow,1.62
247,115,morning,low,clear,1.48
96,131,afternoon,medium,clear,1.0
299,113,night,medium,snow,2.33
255,186,night,high,snow,2.26
103,139,afternoon,medium,snow,1.33
292,145,morning,high,rainy,1.69
46,50,evening,low,snow,1.42
219,156,evening,low,rainy,1.52
186,105,evening,medium,snow,1.81
103,46,night,low,storm,2.28
140,56,night,low,clear,1.81
64,21,night,medium,storm,2.31
202,106,night,high,rainy,2.05
288,172,night,medium,snow,1.93
196,32,night,medium,rainy,2.18
203,148,morning,high,snow,1.95
75,52,morning,high,storm,1.91
93,174,morning,low,clear,1.0
297,58,night,high,clear,2.02
122,14,evening,low,rainy,1.97
257,31,evening,medium,clear,1.8
41,97,night,low,snow,1.5
300,91,night,medium,clear,1.82
80,148,afternoon,medium,rainy,1.14
75,49,evening,medium,rainy,1.61
196,56,morning,high,clear,1.76
80,91,afternoon,medium,storm,1.35
91,23,afternoon,low,rainy,1.7
288,108,morning,medium,clear,1.56
238,26,night,low,snow,2.23
39,78,morning,low,rainy,1.06
238,124,morning,high,rainy,1.76
102,105,afternoon,low,snow,1.39
261,20,morning,medium,storm,2.03
115,10,morning,medium,storm,2.02
224,99,afternoon,high,storm,2.11
65,86,morning,medium,clear,1.07
173,120,afternoon,high,storm,1.98
205,172,evening,high,snow,2.05
194,97,afternoon,medium,storm,1.6
98,175,morning,high,snow,1.5
34,182,afternoon,medium,snow,1.45
71,176,morning,high,clear,1.28
257,182,morning,medium,snow,1.77
213,109,afternoon,high,clear,1.42
219,59,night,low,rainy,2.05
173,184,evening,low,clear,1.16
185,193,afternoon,low,snow,1.39
48,81,night,high,rainy,1.6
232,38,evening,high,snow,2.33
129,178,afternoon,low,rainy,1.15
95,76,afternoon,high,storm,1.84
41,187,evening,high,snow,1.7
248,174,morning,medium,snow,1.77
238,80,morning,high,snow,2.2
294,21,afternoon,low,storm,1.98
259,90,morning,medium,rainy,1.77
42,198,afternoon,high,snow,1.69
157,60,afternoon,medium,storm,1.91
79,17,night,medium,clear,1.92
201,74,afternoon,low,snow,1.85
204,23,evening,high,rainy,2.29
254,34,night,high,clear,2.02
61,18,night,medium,clear,1.96
61,123,morning,medium,snow,1.31
58,153,morning,medium,snow,1.38
240,69,morning,medium,snow,1.99
249,168,morning,medium,clear,1.29
198,160,afternoon,low,clear,1.1
64,161,afternoon,high,rainy,1.43
161,100,night,medium,snow,1.94
100,21,morning,low,storm,1.92
292,176,evening,medium,rainy,1.63
188,164,evening,medium,storm,1.99
295,160,afternoon,low,rainy,1.4
57,118,evening,low,rainy,1.33
133,27,evening,low,snow,2.14
269,163,evening,high,storm,2.12
244,94,afternoon,low,snow,1.98
51,136,afternoon,low,rainy,1.14
268,169,afternoon,low,snow,1.65
199,199,night,low,snow,1.54
33,102,morning,low,storm,1.21
88,46,evening,medium,rainy,1.73
214,21,morning,low,rainy,1.66
142,77,afternoon,medium,rainy,1.44
41,55,evening,low,clear,1.17
100,107,morning,medium,rainy,1.16
152,104,evening,high,rainy,1.99
252,192,morning,low,rainy,1.48
96,58,afternoon,high,snow,1.94
192,163,night,high,rainy,2.08
126,147,evening,low,storm,1.45
173,42,night,low,clear,1.86
63,52,night,high,storm,2.2
267,55,evening,high,storm,2.41
277,193,night,medium,storm,2.02
48,63,afternoon,low,snow,1.37
232,65,evening,medium,snow,2.21
221,75,morning,low,clear,1.46
295,100,afternoon,high,clear,1.79
202,119,night,medium,snow,1.98
284,91,evening,medium,clear,1.74
149,77,morning,medium,clear,1.26
286,141,morning,medium,rainy,1.72
66,102,morning,high,rainy,1.37
198,74,evening,high,storm,2.34
100,193,evening,low,storm,1.46
207,113,night,high,clear,1.79
292,48,night,low,rainy,2.04
137,131,afternoon,high,snow,1.94
266,97,morning,medium,rainy,1.79
243,63,night,medium,clear,1.87
95,88,morning,medium,storm,1.67
244,118,night,high,storm,2.47
41,155,morning,low,rainy,1.2
199,155,night,medium,rainy,1.89
62,146,night,low,snow,1.52
261,173,evening,low,rainy,1.52
120,18,night,low,rainy,1.94
227,82,afternoon,low,storm,1.93
65,126,morning,medium,clear,1.0
240,110,afternoon,low,rainy,1.71
274,200,morning,medium,rainy,1.43
135,89,night,high,snow,2.13
188,160,afternoon,high,snow,1.86
33,46,night,low,snow,1.62
156,144,evening,high,snow,2.09
50,198,morning,medium,snow,1.37
182,110,afternoon,medium,rainy,1.44
251,127,night,high,rainy,2.04
78,110,morning,low,rainy,1.05
179,180,morning,high,rainy,1.48
240,151,morning,medium,clear,1.35
288,93,night,medium,rainy,2.05
289,21,night,low,clear,1.83
266,107,evening,high,snow,2.47
233,19,morning,medium,clear,1.64
99,93,night,medium,snow,1.91
154,192,night,low,snow,1.66
112,53,morning,high,clear,1.74
93,146,night,low,clear,1.23
35,183,evening,low,snow,1.47
140,192,morning,high,rainy,1.39
54,172,morning,medium,storm,1.39
32,22,night,low,rainy,1.67
152,61,morning,low,snow,1.81
37,96,afternoon,high,clear,1.14
79,180,afternoon,high,rainy,1.31
292,37,evening,medium,rainy,2.02
232,119,morning,low,rainy,1.32
195,54,morning,medium,storm,1.9
138,127,afternoon,low,storm,1.63
218,21,morning,low,snow,1.86
285,36,afternoon,medium,clear,1.62
228,183,afternoon,medium,rainy,1.53
192,180,night,low,storm,1.8
259,107,afternoon,high,clear,1.75
93,89,afternoon,high,snow,1.95
70,25,afternoon,medium,snow,1.96
107,106,afternoon,high,clear,1.15
257,199,evening,low,storm,1.76
50,143,night,high,storm,1.95
147,197,evening,medium,rainy,1.34
57,180,afternoon,high,rainy,1.42
225,143,evening,low,snow,1.83
63,135,morning,low,clear,1.0
102,62,afternoon,low,rainy,1.42
134,70,morning,medium,snow,1.66
131,72,night,low,rainy,1.66
259,172,afternoon,medium,snow,1.62
214,111,night,low,snow,1.89
288,166,night,low,snow,1.8
225,119,morning,medium,rainy,1.51
119,75,night,medium,storm,1.99
222,153,night,low,storm,1.83
270,60,afternoon,low,clear,1.4
286,196,evening,medium,snow,1.99
232,200,evening,medium,snow,1.86
66,114,morning,low,snow,1.39
113,59,night,medium,storm,2.0
280,172,evening,high,clear,1.73
247,198,afternoon,low,snow,1.51
